courseCompletionId,pduId,providerCode,projectCode,appointmentId,crn
951f35de-1b7e-416f-a96d-91c0e651789a,627b9430-fd9a-48fe-a08a-89413a8f74c0,N56,N56kcq9lz,2500719289,Y002846
5ed60ad2-9117-43e8-b4bc-192b8d643884,627b9430-fd9a-48fe-a08a-89413a8f74c0,N56,N56kcq9lz,2500719290,Y002847
e9a53a20-ba9d-44ef-af0c-4608a4f77ad7,627b9430-fd9a-48fe-a08a-89413a8f74c0,N56,N56kcq9lz,2500719291,Y002848
c03afe51-541c-45ef-851a-1574fb951012,627b9430-fd9a-48fe-a08a-89413a8f74c0,N56,N56kcq9lz,2500719292,Y002849
49decca4-74fb-45a7-b756-467e8baaf49c,627b9430-fd9a-48fe-a08a-89413a8f74c0,N56,N56kcq9lz,2500719293,Y002850
216c720d-efeb-426f-974c-379fa7c78055,627b9430-fd9a-48fe-a08a-89413a8f74c0,N56,N56kcq9lz,2500719282,Y002839
0dcb4818-ddd3-407b-82c4-9722266f63e2,627b9430-fd9a-48fe-a08a-89413a8f74c0,N56,N56kcq9lz,2500719283,Y002840
b26dce3a-1786-43a6-a0b4-95e4a6842408,627b9430-fd9a-48fe-a08a-89413a8f74c0,N56,N56kcq9lz,2500719284,Y002841
488575ea-a3fd-4ca8-bb8f-22164d9299ad,627b9430-fd9a-48fe-a08a-89413a8f74c0,N56,N56kcq9lz,2500719285,Y002842
f23843d0-3ed9-4039-8e1d-c64c72f6acc2,627b9430-fd9a-48fe-a08a-89413a8f74c0,N56,N56kcq9lz,2500719286,Y002843
b6d7c764-d607-42b4-9463-69a9a4fe5b2f,627b9430-fd9a-48fe-a08a-89413a8f74c0,N56,N56kcq9lz,2500719287,Y002844
4b224913-2402-44a4-a8bc-948a16a7713a,627b9430-fd9a-48fe-a08a-89413a8f74c0,N56,N56kcq9lz,2500719288,Y002845
e90d1a66-c97c-4b9b-9095-e1a61b63243c,627b9430-fd9a-48fe-a08a-89413a8f74c0,N56,N56kcq9lz,2500719276,Y002833
3d5e565e-f6aa-44b6-830a-97b48107d799,627b9430-fd9a-48fe-a08a-89413a8f74c0,N56,N56kcq9lz,2500719277,Y002834
74ccac92-1e25-43c7-a666-6c314e289b11,627b9430-fd9a-48fe-a08a-89413a8f74c0,N56,N56kcq9lz,2500719278,Y002835
1da6cb12-5662-4f1b-b708-e0d3483ab868,627b9430-fd9a-48fe-a08a-89413a8f74c0,N56,N56kcq9lz,2500719279,Y002836
9b7148ca-99aa-4738-85e4-c49f5d74dc2a,627b9430-fd9a-48fe-a08a-89413a8f74c0,N56,N56kcq9lz,2500719280,Y002837
98ef3dc8-56a2-4413-9530-5d0d87d47e13,627b9430-fd9a-48fe-a08a-89413a8f74c0,N56,N56kcq9lz,2500719281,Y002838
d87fd0e3-54ba-4afb-9d5a-7005f1bd0b8b,627b9430-fd9a-48fe-a08a-89413a8f74c0,N56,N56kcq9lz,2500719275,Y002832
f472c6f2-ba94-45e6-bfad-c80560e33de7,627b9430-fd9a-48fe-a08a-89413a8f74c0,N56,N56kcq9lz,2500719274,Y002831