providerCode,teamCode,projectCode,appointmentId,crn,supervisorCode
N56,N56CPB,N56j6NQq7,2500719254,Y002811,N56CPBU
N56,N56CPB,N56j6NQq7,2500719255,Y002812,N56CPBU
N56,N56CPB,N56j6NQq7,2500719256,Y002813,N56CPBU
N56,N56CPB,N56j6NQq7,2500719257,Y002814,N56CPBU
N56,N56CPB,N56j6NQq7,2500719258,Y002815,N56CPBU
N56,N56CPB,N56j6NQq7,2500719259,Y002816,N56CPBU
N56,N56CPB,N56j6NQq7,2500719260,Y002817,N56CPBU
N56,N56CPB,N56j6NQq7,2500719261,Y002818,N56CPBU
N56,N56CPB,N56j6NQq7,2500719262,Y002819,N56CPBU
N56,N56CPB,N56j6NQq7,2500719269,Y002826,N56CPBU
N56,N56CPB,N56j6NQq7,2500719270,Y002827,N56CPBU
N56,N56CPB,N56j6NQq7,2500719271,Y002828,N56CPBU
N56,N56CPB,N56j6NQq7,2500719272,Y002829,N56CPBU
N56,N56CPB,N56j6NQq7,2500719273,Y002830,N56CPBU
N56,N56CPB,N56j6NQq7,2500719263,Y002820,N56CPBU
N56,N56CPB,N56j6NQq7,2500719264,Y002821,N56CPBU
N56,N56CPB,N56j6NQq7,2500719265,Y002822,N56CPBU
N56,N56CPB,N56j6NQq7,2500719266,Y002823,N56CPBU
N56,N56CPB,N56j6NQq7,2500719267,Y002824,N56CPBU
N56,N56CPB,N56j6NQq7,2500719268,Y002825,N56CPBU
