providerCode,teamCode,projectCode,appointmentId,sessionDate,supervisorCode
N56,N56CPB,N56803WxL,2500719208,2026-04-23,N56CPBU
N56,N56CPB,N56803WxL,2500719209,2026-04-23,N56CPBU
N56,N56CPB,N56803WxL,2500719212,2026-04-23,N56CPBU
N56,N56CPB,N56803WxL,2500719213,2026-04-23,N56CPBU
N56,N56CPB,N56803WxL,2500719214,2026-04-23,N56CPBU
N56,N56CPB,N56803WxL,2500719215,2026-04-23,N56CPBU
N56,N56CPB,N56803WxL,2500719216,2026-04-23,N56CPBU
N56,N56CPB,N56803WxL,2500719217,2026-04-23,N56CPBU
N56,N56CPB,N56803WxL,2500719218,2026-04-23,N56CPBU
N56,N56CPB,N56803WxL,2500719219,2026-04-23,N56CPBU
N56,N56CPB,N56803WxL,2500719220,2026-04-23,N56CPBU
N56,N56CPB,N56803WxL,2500719221,2026-04-23,N56CPBU
N56,N56CPB,N56803WxL,2500719222,2026-04-23,N56CPBU
N56,N56CPB,N56803WxL,2500719223,2026-04-23,N56CPBU
N56,N56CPB,N56803WxL,2500719224,2026-04-23,N56CPBU
N56,N56CPB,N56803WxL,2500719225,2026-04-23,N56CPBU
N56,N56CPB,N56803WxL,2500719226,2026-04-23,N56CPBU
N56,N56CPB,N56803WxL,2500719227,2026-04-23,N56CPBU
N56,N56CPB,N56803WxL,2500719228,2026-04-23,N56CPBU
N56,N56CPB,N56803WxL,2500719229,2026-04-23,N56CPBU
N56,N56CPB,N56803WxL,2500719230,2026-04-23,N56CPBU
N56,N56CPB,N56803WxL,2500719231,2026-04-23,N56CPBU
N56,N56CPB,N56803WxL,2500719232,2026-04-23,N56CPBU
N56,N56CPB,N56803WxL,2500719233,2026-04-23,N56CPBU
N56,N56CPB,N56803WxL,2500719234,2026-04-23,N56CPBU
N56,N56CPB,N56803WxL,2500719210,2026-04-23,N56CPBU
N56,N56CPB,N56803WxL,2500719211,2026-04-23,N56CPBU
N56,N56CPB,N56803WxL,2500719204,2026-04-23,N56CPBU
N56,N56CPB,N56803WxL,2500719205,2026-04-23,N56CPBU
N56,N56CPB,N56803WxL,2500719206,2026-04-23,N56CPBU
N56,N56CPB,N56803WxL,2500719207,2026-04-23,N56CPBU
