taskId,projectCode,appointmentId
7b7acb46-50af-4ec5-84cc-e541b040d746,N56803WxL,2500719208
cbda5a0d-73fb-4a95-9cd1-3af46e7f89e4,N56803WxL,2500719209
a3ebbb8b-123b-46a4-a83a-080efe71e5a6,N56803WxL,2500719212
8bcee6b0-121d-43da-9af9-fd65a89c01d0,N56803WxL,2500719213
91947441-3226-444a-8f91-027a5dda6158,N56803WxL,2500719214
48ad42ab-6de6-4018-b290-5345f4e54994,N56803WxL,2500719215
3f98f6e8-c688-4d05-850a-294b1bfd645d,N56803WxL,2500719216
45863789-962b-4686-b95d-2983ead20fc2,N56803WxL,2500719217
b5f3ba7f-282c-48f8-9db6-98c4f046a314,N56803WxL,2500719218
fee41138-32d1-4955-89f7-2f3a46237283,N56803WxL,2500719219
c6fde59a-dc51-4a89-973a-88829d1fb422,N56803WxL,2500719220
66dc7a72-e066-4509-8223-0236d06ca2d7,N56803WxL,2500719221
7811eab2-0657-4c2e-8f31-6e626b11a726,N56803WxL,2500719222
966e31fa-e28c-4840-ac5b-1db048c8bfb4,N56803WxL,2500719223
98b4ab67-8d56-4987-8071-a2853c06f640,N56803WxL,2500719224
03f875d0-ba5d-4d5f-a9d8-799eb06922c9,N56803WxL,2500719225
e8ff15ae-1886-4741-95b6-d440da16bc9d,N56803WxL,2500719226
1ac84180-e284-44c4-8efc-a694f428ec0d,N56803WxL,2500719227
d527c137-5963-4e67-b8ad-c9298ca3cf04,N56803WxL,2500719228
43829cc4-faec-449b-a632-3702ef5a2c26,N56803WxL,2500719229